Date,Financial_Year,State,State_Full,Median_LOS_Minutes,P90_LOS_Minutes,Pct_Within_4Hrs,Presentations_Total,Pct_Seen_On_Time,Resuscitation_Share_Pct
1/07/2011,2011–12,ACT,Australian Capital Territory,207,552,58,118396,55.14,0.409
1/07/2012,2012–13,ACT,Australian Capital Territory,208,580,57,118931,51.49,0.397
1/07/2013,2013–14,ACT,Australian Capital Territory,191,525,62,125888,61.08,0.369
1/07/2014,2014–15,ACT,Australian Capital Territory,190,512,63,129961,58.62,0.403
1/07/2016,2016–17,ACT,Australian Capital Territory,169,393,73,143860,62.23,0.446
1/07/2017,2017–18,ACT,Australian Capital Territory,194,471,64,147778,49.13,0.509
1/07/2018,2018–19,ACT,Australian Capital Territory,207,522,59,149273,46.27,0.545
1/07/2019,2019–20,ACT,Australian Capital Territory,212,535,58,141020,48.24,0.723
1/07/2020,2020–21,ACT,Australian Capital Territory,217,515,57,153713,48.02,0.6
1/07/2021,2021–22,ACT,Australian Capital Territory,231,566,52,143693,48.29,0.536
1/07/2022,2022–23,ACT,Australian Capital Territory,249,589,48,145716,51.16,0.726
1/07/2023,2023–24,ACT,Australian Capital Territory,219,486,56,156021,61.79,0.625
1/07/2024,2024–25,ACT,Australian Capital Territory,208,437,61,167216,61.67,0.623
1/07/2011,2011–12,NAT,National,178,508,64,6538221,71.65,0.652
1/07/2012,2012–13,NAT,National,173,476,67,6711247,73.51,0.675
1/07/2013,2013–14,NAT,National,160,425,73,7189182,75.72,0.65
1/07/2014,2014–15,NAT,National,161,422,73,7360441,74.13,0.666
1/07/2015,2015–16,NAT,National,164,413,73,7461681,73.48,0.707
1/07/2016,2016–17,NAT,National,168,420,72,7751934,72.95,0.729
1/07/2017,2017–18,NAT,National,173,434,71,8014277,71.54,0.757
1/07/2018,2018–19,NAT,National,178,449,70,8348809,70.84,0.773
1/07/2019,2019–20,NAT,National,176,450,69,8233305,73.83,0.808
1/07/2020,2020–21,NAT,National,181,480,67,8805465,70.88,0.781
1/07/2021,2021–22,NAT,National,200,550,61,8786821,66.53,0.769
1/07/2022,2022–23,NAT,National,219,632,56,8798200,64.65,0.878
1/07/2023,2023–24,NAT,National,222,645,55,9015545,67.05,0.932
1/07/2024,2024–25,NAT,National,228,676,53,9091132,67.09,0.955
1/07/2011,2011–12,NSW,New South Wales,194,551,59,2228948,75.92,0.578
1/07/2012,2012–13,NSW,New South Wales,185,513,63,2275171,78.17,0.638
1/07/2013,2013–14,NSW,New South Wales,150,423,74,2641926,80.89,0.609
1/07/2014,2014–15,NSW,New South Wales,150,416,75,2677357,81.19,0.618
1/07/2015,2015–16,NSW,New South Wales,154,412,75,2729887,80.53,0.644
1/07/2016,2016–17,NSW,New South Wales,156,411,75,2781425,80.68,0.655
1/07/2017,2017–18,NSW,New South Wales,161,423,73,2877596,80.2,0.677
1/07/2018,2018–19,NSW,New South Wales,167,444,72,2973694,78.57,0.698
1/07/2019,2019–20,NSW,New South Wales,164,447,71,2917906,80.67,0.729
1/07/2020,2020–21,NSW,New South Wales,171,481,69,3066361,79.14,0.714
1/07/2021,2021–22,NSW,New South Wales,185,542,64,3010477,77.13,0.693
1/07/2022,2022–23,NSW,New South Wales,206,631,59,3073531,74.21,0.796
1/07/2023,2023–24,NSW,New South Wales,210,650,57,3175871,74.2,0.842
1/07/2024,2024–25,NSW,New South Wales,214,669,56,3157921,73.32,0.85
1/07/2011,2011–12,NT,Northern Territory,173,527,65,144842,53.77,0.492
1/07/2012,2012–13,NT,Northern Territory,179,553,64,145532,56.7,0.53
1/07/2013,2013–14,NT,Northern Territory,186,605,62,145176,56.4,0.646
1/07/2014,2014–15,NT,Northern Territory,182,626,62,142244,60.29,0.617
1/07/2015,2015–16,NT,Northern Territory,179,567,64,148459,60.63,0.65
1/07/2016,2016–17,NT,Northern Territory,179,560,64,153936,61.13,0.731
1/07/2017,2017–18,NT,Northern Territory,184,595,63,158761,57.57,0.896
1/07/2018,2018–19,NT,Northern Territory,171,534,67,164997,63.86,0.765
1/07/2019,2019–20,NT,Northern Territory,168,519,67,164723,68.07,0.761
1/07/2020,2020–21,NT,Northern Territory,182,537,64,177654,61.13,0.687
1/07/2021,2021–22,NT,Northern Territory,201,607,59,171336,57.34,0.756
1/07/2022,2022–23,NT,Northern Territory,197,555,61,181782,49.87,0.822
1/07/2023,2023–24,NT,Northern Territory,217,647,55,184544,47.33,0.909
1/07/2024,2024–25,NT,Northern Territory,224,632,54,188117,48.15,1.043
1/07/2011,2011–12,Qld,Queensland,179,527,64,1238522,69.36,0.828
1/07/2012,2012–13,Qld,Queensland,163,428,71,1288868,73.76,0.763
1/07/2013,2013–14,Qld,Queensland,158,376,76,1351573,73.21,0.74
1/07/2014,2014–15,Qld,Queensland,162,370,77,1378883,71.09,0.787
1/07/2015,2015–16,Qld,Queensland,167,378,75,1439143,69.25,0.824
1/07/2016,2016–17,Qld,Queensland,172,400,73,1457083,68.44,0.899
1/07/2017,2017–18,Qld,Queensland,176,408,72,1512118,67.43,0.936
1/07/2018,2018–19,Qld,Queensland,181,419,70,1561825,68.97,0.968
1/07/2019,2019–20,Qld,Queensland,174,412,71,1606395,76.24,0.947
1/07/2020,2020–21,Qld,Queensland,172,434,69,1887381,73.83,0.802
1/07/2021,2021–22,Qld,Queensland,198,503,61,1867860,68.52,0.791
1/07/2022,2022–23,Qld,Queensland,228,580,54,1735935,67.17,0.94
1/07/2023,2023–24,Qld,Queensland,235,626,52,1770087,70.2,1.052
1/07/2024,2024–25,Qld,Queensland,241,687,50,1766839,72.43,1.107
1/07/2011,2011–12,SA,South Australia,175,502,65,427011,76.03,1.208
1/07/2012,2012–13,SA,South Australia,172,492,66,455220,74.46,1.274
1/07/2013,2013–14,SA,South Australia,179,505,64,463171,71.04,1.237
1/07/2014,2014–15,SA,South Australia,182,518,64,469368,64.39,1.252
1/07/2015,2015–16,SA,South Australia,180,451,66,481889,66.31,1.369
1/07/2016,2016–17,SA,South Australia,188,470,64,493268,63.84,1.378
1/07/2017,2017–18,SA,South Australia,198,504,61,506494,60.08,1.391
1/07/2018,2018–19,SA,South Australia,203,529,59,519607,58.17,1.416
1/07/2019,2019–20,SA,South Australia,192,499,62,535453,65.3,1.488
1/07/2020,2020–21,SA,South Australia,199,508,61,580575,60.49,1.408
1/07/2021,2021–22,SA,South Australia,210,557,58,572886,55.56,1.308
1/07/2022,2022–23,SA,South Australia,232,665,52,598666,49.64,1.311
1/07/2023,2023–24,SA,South Australia,237,691,51,605725,48.95,1.379
1/07/2024,2024–25,SA,South Australia,243,719,50,622876,53.37,1.326
1/07/2011,2011–12,Tas,Tasmania,162,505,66,141337,70.82,0.489
1/07/2012,2012–13,Tas,Tasmania,161,503,67,146671,71.2,0.56
1/07/2013,2013–14,Tas,Tasmania,161,508,68,147864,72.33,0.498
1/07/2014,2014–15,Tas,Tasmania,169,532,67,149670,69.63,0.506
1/07/2015,2015–16,Tas,Tasmania,170,521,66,153127,66.09,0.641
1/07/2016,2016–17,Tas,Tasmania,178,541,65,155866,65.53,0.598
1/07/2017,2017–18,Tas,Tasmania,179,581,64,162014,65.18,0.672
1/07/2018,2018–19,Tas,Tasmania,189,624,62,165549,63.96,0.629
1/07/2019,2019–20,Tas,Tasmania,196,671,60,153242,64.67,0.703
1/07/2020,2020–21,Tas,Tasmania,206,668,58,169807,58.41,0.741
1/07/2021,2021–22,Tas,Tasmania,218,701,55,172988,53.44,0.715
1/07/2022,2022–23,Tas,Tasmania,234,813,51,173880,52.7,0.87
1/07/2023,2023–24,Tas,Tasmania,238,827,50,177633,50.94,0.884
1/07/2024,2024–25,Tas,Tasmania,253,841,47,183116,46.02,0.775
1/07/2011,2011–12,Vic,Victoria,182,492,65,1506827,72.29,0.471
1/07/2012,2012–13,Vic,Victoria,182,490,66,1526628,72.85,0.474
1/07/2013,2013–14,Vic,Victoria,176,454,69,1570977,74.72,0.478
1/07/2014,2014–15,Vic,Victoria,174,456,70,1609311,75.21,0.485
1/07/2015,2015–16,Vic,Victoria,176,439,71,1679776,73.8,0.509
1/07/2016,2016–17,Vic,Victoria,177,436,71,1730965,73.75,0.509
1/07/2017,2017–18,Vic,Victoria,183,461,69,1792818,72.36,0.541
1/07/2018,2018–19,Vic,Victoria,190,474,67,1858889,71.37,0.568
1/07/2019,2019–20,Vic,Victoria,194,486,65,1785070,69.86,0.621
1/07/2020,2020–21,Vic,Victoria,202,528,62,1772295,67.85,0.685
1/07/2021,2021–22,Vic,Victoria,223,626,55,1856253,63.48,0.67
1/07/2022,2022–23,Vic,Victoria,234,720,52,1894732,65.03,0.785
1/07/2023,2023–24,Vic,Victoria,231,690,53,1923601,70.62,0.828
1/07/2024,2024–25,Vic,Victoria,232,694,53,1978208,71.56,0.868
1/07/2011,2011–12,WA,Western Australia,140,342,80,732338,65.37,0.732
1/07/2012,2012–13,WA,Western Australia,147,360,77,754226,65.82,0.773
1/07/2013,2013–14,WA,Western Australia,143,345,79,742607,70.22,0.709
1/07/2014,2014–15,WA,Western Australia,148,348,79,803647,68.4,0.723
1/07/2015,2015–16,WA,Western Australia,156,363,76,829400,65.33,0.744
1/07/2016,2016–17,WA,Western Australia,163,385,74,835531,63.76,0.828
1/07/2017,2017–18,WA,Western Australia,163,367,76,856698,63.97,0.819
1/07/2018,2018–19,WA,Western Australia,164,381,75,954975,62.59,0.798
1/07/2019,2019–20,WA,Western Australia,162,378,75,929496,65.65,0.822
1/07/2020,2020–21,WA,Western Australia,172,430,71,997679,58.48,0.808
1/07/2021,2021–22,WA,Western Australia,191,492,65,991328,50.36,0.882
1/07/2022,2022–23,WA,Western Australia,203,555,60,993958,48.42,0.972
1/07/2023,2023–24,WA,Western Australia,207,562,59,1022063,48,0.993
1/07/2024,2024–25,WA,Western Australia,225,649,54,1026839,45.48,1.031
